Iteration,Chain,Parameter,value
1,1,score,-32.47197891590572
2,1,score,-32.47197891590572
3,1,score,-32.47197891590572
4,1,score,-32.47197891590572
5,1,score,-32.47197891590572
6,1,score,-32.492803252636165
7,1,score,-32.492803252636165
8,1,score,-32.56528213446554
9,1,score,-32.56528213446554
10,1,score,-32.55856832668513
11,1,score,-32.55856832668513
12,1,score,-32.602260807172456
13,1,score,-32.602260807172456
14,1,score,-32.602260807172456
15,1,score,-32.54751272099037
16,1,score,-32.54751272099037
17,1,score,-32.54751272099037
18,1,score,-32.518392863024964
19,1,score,-32.518392863024964
20,1,score,-32.518392863024964
21,1,score,-32.518392863024964
22,1,score,-32.518392863024964
23,1,score,-32.50475791569178
24,1,score,-32.50475791569178
25,1,score,-32.426727588508825
26,1,score,-32.57486832225479
27,1,score,-32.57050715338235
28,1,score,-32.49488373136925
29,1,score,-32.49488373136925
30,1,score,-32.49488373136925
31,1,score,-32.49488373136925
32,1,score,-32.452822351911365
33,1,score,-32.452822351911365
34,1,score,-32.452822351911365
35,1,score,-32.452822351911365
36,1,score,-32.452822351911365
37,1,score,-32.479483168732976
38,1,score,-32.479483168732976
39,1,score,-32.479483168732976
40,1,score,-32.479483168732976
41,1,score,-32.513115986827465
42,1,score,-32.513115986827465
43,1,score,-32.513115986827465
44,1,score,-32.48148697935203
45,1,score,-32.53233385649096
46,1,score,-32.53233385649096
47,1,score,-32.47780952321614
48,1,score,-32.47780952321614
49,1,score,-32.47780952321614
50,1,score,-32.60367821775105
51,1,score,-32.60367821775105
52,1,score,-32.60367821775105
53,1,score,-32.58036298086458
54,1,score,-32.58036298086458
55,1,score,-32.58036298086458
56,1,score,-32.59834133626877
57,1,score,-32.43699492614023
58,1,score,-32.43699492614023
59,1,score,-32.448681597666955
60,1,score,-32.448681597666955
61,1,score,-32.58506012985103
62,1,score,-32.58506012985103
63,1,score,-32.58506012985103
64,1,score,-32.50503160667388
65,1,score,-32.50503160667388
66,1,score,-32.50052075200976
67,1,score,-32.50052075200976
68,1,score,-32.54133899956395
69,1,score,-32.54133899956395
70,1,score,-32.54133899956395
71,1,score,-32.50436344719176
72,1,score,-32.50436344719176
73,1,score,-32.45403671390856
74,1,score,-32.45403671390856
75,1,score,-32.45280574729414
76,1,score,-32.436598764610665
77,1,score,-32.436598764610665
78,1,score,-32.42874668261505
79,1,score,-32.46864136771805
80,1,score,-32.46864136771805
81,1,score,-33.06679392102383
82,1,score,-33.06679392102383
83,1,score,-32.99193787714044
84,1,score,-32.843662258767544
85,1,score,-33.79120088373168
86,1,score,-32.965621028826774
87,1,score,-32.965621028826774
88,1,score,-32.965621028826774
89,1,score,-33.6444924828494
90,1,score,-33.5403743499201
91,1,score,-33.5403743499201
92,1,score,-33.5403743499201
93,1,score,-33.5403743499201
94,1,score,-33.5403743499201
95,1,score,-33.5403743499201
96,1,score,-33.5403743499201
97,1,score,-33.5403743499201
98,1,score,-33.5403743499201
99,1,score,-33.5403743499201
100,1,score,-32.879778955579994
101,1,score,-32.879778955579994
102,1,score,-32.82505539031203
103,1,score,-32.82505539031203
104,1,score,-32.82505539031203
105,1,score,-32.82505539031203
106,1,score,-32.82505539031203
107,1,score,-32.82505539031203
108,1,score,-32.81875544442028
109,1,score,-33.05020255270974
110,1,score,-33.05020255270974
111,1,score,-33.05020255270974
112,1,score,-33.05020255270974
113,1,score,-33.715091202553666
114,1,score,-33.715091202553666
115,1,score,-33.715091202553666
116,1,score,-33.13382712285317
117,1,score,-33.13382712285317
118,1,score,-33.13382712285317
119,1,score,-33.189367193466325
120,1,score,-33.153837643853144
121,1,score,-33.153837643853144
122,1,score,-33.03703919344159
123,1,score,-33.03703919344159
124,1,score,-33.03703919344159
125,1,score,-33.03703919344159
126,1,score,-32.94959372760809
127,1,score,-32.94959372760809
128,1,score,-33.0500793475053
129,1,score,-33.0500793475053
130,1,score,-33.0500793475053
131,1,score,-33.0500793475053
132,1,score,-33.76696109884352
133,1,score,-33.76696109884352
134,1,score,-33.76696109884352
135,1,score,-33.83870020294574
136,1,score,-33.912527762195914
137,1,score,-33.48453953021565
138,1,score,-33.48453953021565
139,1,score,-33.48453953021565
140,1,score,-32.97290205616913
141,1,score,-32.97290205616913
142,1,score,-32.97290205616913
143,1,score,-32.97290205616913
144,1,score,-32.97290205616913
145,1,score,-32.97290205616913
146,1,score,-32.97290205616913
147,1,score,-33.182504325543796
148,1,score,-33.30965165783459
149,1,score,-33.11362383745374
150,1,score,-32.49306332529627
151,1,score,-32.49306332529627
152,1,score,-32.49306332529627
153,1,score,-32.49306332529627
154,1,score,-32.56468747700498
155,1,score,-32.56468747700498
156,1,score,-32.56468747700498
157,1,score,-32.50857166739538
158,1,score,-32.58451325753396
159,1,score,-32.48294670088048
160,1,score,-32.56084208012506
161,1,score,-32.56084208012506
162,1,score,-32.56084208012506
163,1,score,-32.56084208012506
164,1,score,-32.4771558604546
165,1,score,-32.4771558604546
166,1,score,-32.4771558604546
167,1,score,-32.51549724020636
168,1,score,-32.523424234053266
169,1,score,-32.523424234053266
170,1,score,-32.523424234053266
171,1,score,-32.523424234053266
172,1,score,-32.545476134122424
173,1,score,-32.545476134122424
174,1,score,-32.545476134122424
175,1,score,-32.45248271566672
176,1,score,-32.50402685636034
177,1,score,-32.55265416032395
178,1,score,-32.55265416032395
179,1,score,-32.46635041743623
180,1,score,-32.46635041743623
181,1,score,-32.494156071297
182,1,score,-32.45676609717574
183,1,score,-32.45676609717574
184,1,score,-32.45676609717574
185,1,score,-32.53018808583639
186,1,score,-32.53018808583639
187,1,score,-32.53018808583639
188,1,score,-32.53018808583639
189,1,score,-32.53018808583639
190,1,score,-32.53963400010126
191,1,score,-32.56251730832492
192,1,score,-32.56251730832492
193,1,score,-32.559954479965754
194,1,score,-32.559954479965754
195,1,score,-32.559627089625785
196,1,score,-32.55693883080004
197,1,score,-32.53191554595307
198,1,score,-32.53191554595307
199,1,score,-32.53191554595307
200,1,score,-32.53191554595307
201,1,score,-32.53191554595307
202,1,score,-32.53191554595307
203,1,score,-32.53191554595307
204,1,score,-32.56876698771716
205,1,score,-32.551889996207834
206,1,score,-32.551889996207834
207,1,score,-32.53395010884304
208,1,score,-32.53364920771385
209,1,score,-32.5511374220318
210,1,score,-32.53357148459564
211,1,score,-32.527488039811196
212,1,score,-32.562835966127025
213,1,score,-32.562835966127025
214,1,score,-32.562835966127025
215,1,score,-32.54039365304972
216,1,score,-32.53110578821808
217,1,score,-32.53110578821808
218,1,score,-32.53049011041268
219,1,score,-32.538031200875494
220,1,score,-32.58280934712874
221,1,score,-32.53886962159603
222,1,score,-32.534805852461844
223,1,score,-32.534805852461844
224,1,score,-32.534805852461844
225,1,score,-32.534805852461844
226,1,score,-32.534805852461844
227,1,score,-32.534805852461844
228,1,score,-32.534805852461844
229,1,score,-32.55691862524224
230,1,score,-32.54607165778481
231,1,score,-32.547467266955834
232,1,score,-32.547467266955834
233,1,score,-32.578251256362456
234,1,score,-32.587317828378005
235,1,score,-32.53702076460992
236,1,score,-32.586363142345775
237,1,score,-32.54770879431935
238,1,score,-32.56247913236356
239,1,score,-32.56247913236356
240,1,score,-32.5355555146548
241,1,score,-32.5355555146548
242,1,score,-32.55325993353294
243,1,score,-32.55325993353294
244,1,score,-32.568316329024526
245,1,score,-32.568316329024526
246,1,score,-32.568316329024526
247,1,score,-32.568316329024526
248,1,score,-32.57395204369355
249,1,score,-32.56391432351941
250,1,score,-32.56391432351941
251,1,score,-32.54096067440762
252,1,score,-32.54096067440762
253,1,score,-32.55192844276628
254,1,score,-32.55192844276628
255,1,score,-32.55192844276628
256,1,score,-32.540637790082094
257,1,score,-32.56592381879645
258,1,score,-32.56592381879645
259,1,score,-32.58430564009561
260,1,score,-32.541812832378426
261,1,score,-32.535947806079214
262,1,score,-32.535947806079214
263,1,score,-32.535947806079214
264,1,score,-32.535947806079214
265,1,score,-32.535947806079214
266,1,score,-32.530375199411345
267,1,score,-32.58009490289881
268,1,score,-32.573610177208025
269,1,score,-32.527805181356236
270,1,score,-32.527805181356236
271,1,score,-32.527805181356236
272,1,score,-32.527805181356236
273,1,score,-32.550761275532516
274,1,score,-32.550761275532516
275,1,score,-32.550761275532516
276,1,score,-32.57896341002754
277,1,score,-32.57896341002754
278,1,score,-32.57896341002754
279,1,score,-32.57896341002754
280,1,score,-32.53447738903362
281,1,score,-32.584196638158716
282,1,score,-32.584196638158716
283,1,score,-32.584196638158716
284,1,score,-32.52752205331605
285,1,score,-32.529223597525885
286,1,score,-32.56812588386876
287,1,score,-32.57437170643619
288,1,score,-32.57437170643619
289,1,score,-32.57437170643619
290,1,score,-32.57437170643619
291,1,score,-32.57437170643619
292,1,score,-32.57437170643619
293,1,score,-32.531245664852776
294,1,score,-32.591559908245486
295,1,score,-32.54327671617361
296,1,score,-32.54327671617361
297,1,score,-32.54327671617361
298,1,score,-32.54414683808572
299,1,score,-32.57802479072234
300,1,score,-32.529839642793135
301,1,score,-32.5536902372061
302,1,score,-32.5536902372061
303,1,score,-32.5536902372061
304,1,score,-32.5536902372061
305,1,score,-32.5536902372061
306,1,score,-32.54806860521361
307,1,score,-32.557193573114766
308,1,score,-32.557193573114766
309,1,score,-32.557193573114766
310,1,score,-32.53813997180313
311,1,score,-32.53813997180313
312,1,score,-32.53813997180313
313,1,score,-32.55432114537583
314,1,score,-32.53726587228012
315,1,score,-32.53726587228012
316,1,score,-32.53726587228012
317,1,score,-32.53726587228012
318,1,score,-32.53726587228012
319,1,score,-32.56707248308516
320,1,score,-32.54233712851665
321,1,score,-32.55317207942424
322,1,score,-32.54835403258182
323,1,score,-32.57418246264922
324,1,score,-32.57418246264922
325,1,score,-32.569867775276904
326,1,score,-32.569867775276904
327,1,score,-32.529115595516004
328,1,score,-32.529115595516004
329,1,score,-32.529115595516004
330,1,score,-32.56956490253479
331,1,score,-32.56956490253479
332,1,score,-32.56956490253479
333,1,score,-32.576320126044635
334,1,score,-32.576320126044635
335,1,score,-32.576320126044635
336,1,score,-32.576320126044635
337,1,score,-32.576320126044635
338,1,score,-32.576320126044635
339,1,score,-32.5640634932384
340,1,score,-32.5640634932384
341,1,score,-32.5640634932384
342,1,score,-32.5640634932384
343,1,score,-32.5640634932384
344,1,score,-32.5640634932384
345,1,score,-32.549664853358955
346,1,score,-32.549664853358955
347,1,score,-32.549664853358955
348,1,score,-32.5335457226373
349,1,score,-32.5335457226373
350,1,score,-32.5335457226373
351,1,score,-32.5723058745263
352,1,score,-32.56279838005896
353,1,score,-32.56279838005896
354,1,score,-32.558622164709455
355,1,score,-32.558622164709455
356,1,score,-32.558622164709455
357,1,score,-32.53407430694717
358,1,score,-32.53407430694717
359,1,score,-32.53407430694717
360,1,score,-32.58565535590691
361,1,score,-32.59016591210586
362,1,score,-32.59016591210586
363,1,score,-32.539642581413545
364,1,score,-32.53870579977372
365,1,score,-32.56709394650939
366,1,score,-32.560299823285355
367,1,score,-32.560299823285355
368,1,score,-32.59124225428313
369,1,score,-32.59124225428313
370,1,score,-32.59124225428313
371,1,score,-32.59124225428313
372,1,score,-32.59124225428313
373,1,score,-32.59124225428313
374,1,score,-32.59124225428313
375,1,score,-32.59124225428313
376,1,score,-32.56168430323492
377,1,score,-32.56168430323492
378,1,score,-32.56168430323492
379,1,score,-32.56168430323492
380,1,score,-32.583655073246334
381,1,score,-32.583655073246334
382,1,score,-32.583655073246334
383,1,score,-32.583655073246334
384,1,score,-32.55611176454835
385,1,score,-32.54010830020916
386,1,score,-32.54010830020916
387,1,score,-32.54232728178043
388,1,score,-32.53086381273371
389,1,score,-32.578095081595485
390,1,score,-32.56548581445253
391,1,score,-32.56548581445253
392,1,score,-32.56548581445253
393,1,score,-32.554645367560234
394,1,score,-32.558841578372295
395,1,score,-32.58080418195275
396,1,score,-32.58080418195275
397,1,score,-32.58042229457622
398,1,score,-32.58042229457622
399,1,score,-32.62892263937208
400,1,score,-32.62892770400507
401,1,score,-32.62892770400507
402,1,score,-32.62892770400507
403,1,score,-32.62108702168754
404,1,score,-32.62980704579417
405,1,score,-32.61994610930218
406,1,score,-32.63008180394575
407,1,score,-32.63008180394575
408,1,score,-32.63008180394575
409,1,score,-32.63008180394575
410,1,score,-32.63008180394575
411,1,score,-32.6245375853203
412,1,score,-32.620621955883344
413,1,score,-32.620621955883344
414,1,score,-32.62224488431269
415,1,score,-32.671512581609484
416,1,score,-32.671512581609484
417,1,score,-32.507121756497504
418,1,score,-32.507121756497504
419,1,score,-32.862177040722216
420,1,score,-32.862177040722216
421,1,score,-32.987274472844234
422,1,score,-32.987274472844234
423,1,score,-32.62317333234037
424,1,score,-32.62317333234037
425,1,score,-32.60439428222015
426,1,score,-32.60439428222015
427,1,score,-32.60439428222015
428,1,score,-32.480034889579606
429,1,score,-32.480034889579606
430,1,score,-32.480034889579606
431,1,score,-32.480034889579606
432,1,score,-32.480034889579606
433,1,score,-32.480034889579606
434,1,score,-32.480034889579606
435,1,score,-32.480034889579606
436,1,score,-32.480034889579606
437,1,score,-33.110768512915364
438,1,score,-33.110768512915364
439,1,score,-32.85740793575587
440,1,score,-32.85740793575587
441,1,score,-32.85740793575587
442,1,score,-32.85740793575587
443,1,score,-32.49588425677744
444,1,score,-32.580109812396856
445,1,score,-32.92481188774501
446,1,score,-32.92481188774501
447,1,score,-32.92481188774501
448,1,score,-32.94742675507813
449,1,score,-32.94742675507813
450,1,score,-32.94742675507813
451,1,score,-32.94742675507813
452,1,score,-32.92752891041389
453,1,score,-32.8381793954007
454,1,score,-32.8381793954007
455,1,score,-33.10951587309493
456,1,score,-33.10951587309493
457,1,score,-33.10951587309493
458,1,score,-32.51217242513074
459,1,score,-32.89861620764497
460,1,score,-33.036673819526705
461,1,score,-33.00843638506998
462,1,score,-33.00843638506998
463,1,score,-33.04639771182229
464,1,score,-33.07269908219925
465,1,score,-33.05661093997984
466,1,score,-33.105117856946066
467,1,score,-33.105117856946066
468,1,score,-33.105117856946066
469,1,score,-32.6600166722993
470,1,score,-32.68053105685101
471,1,score,-32.68053105685101
472,1,score,-32.894839304529995
473,1,score,-32.710799112123404
474,1,score,-32.710799112123404
475,1,score,-32.72695079643508
476,1,score,-32.50751416290484
477,1,score,-32.50751416290484
478,1,score,-32.50751416290484
479,1,score,-32.50751416290484
480,1,score,-32.50751416290484
481,1,score,-32.66647213799738
482,1,score,-32.66647213799738
483,1,score,-32.66647213799738
484,1,score,-32.66647213799738
485,1,score,-32.63941852393221
486,1,score,-32.59537420552875
487,1,score,-32.92548353574778
488,1,score,-32.92548353574778
489,1,score,-32.92548353574778
490,1,score,-32.92548353574778
491,1,score,-32.973965144588206
492,1,score,-33.040581653697146
493,1,score,-33.040581653697146
494,1,score,-33.040581653697146
495,1,score,-32.88058148120771
496,1,score,-32.64479610176252
497,1,score,-32.64479610176252
498,1,score,-32.64479610176252
499,1,score,-32.64479610176252
500,1,score,-32.70002261338728
1,1,alpha,0.1367757309790285
2,1,alpha,0.1367757309790285
3,1,alpha,0.1367757309790285
4,1,alpha,0.1367757309790285
5,1,alpha,0.1367757309790285
6,1,alpha,0.1367757309790285
7,1,alpha,0.1367757309790285
8,1,alpha,0.1367757309790285
9,1,alpha,0.1367757309790285
10,1,alpha,0.1367757309790285
11,1,alpha,0.1367757309790285
12,1,alpha,0.1367757309790285
13,1,alpha,0.1367757309790285
14,1,alpha,0.1367757309790285
15,1,alpha,0.1367757309790285
16,1,alpha,0.1367757309790285
17,1,alpha,0.1367757309790285
18,1,alpha,0.1367757309790285
19,1,alpha,0.1367757309790285
20,1,alpha,0.1367757309790285
21,1,alpha,0.1367757309790285
22,1,alpha,0.1367757309790285
23,1,alpha,0.1367757309790285
24,1,alpha,0.1367757309790285
25,1,alpha,0.1367757309790285
26,1,alpha,0.1367757309790285
27,1,alpha,0.1367757309790285
28,1,alpha,0.1367757309790285
29,1,alpha,0.1367757309790285
30,1,alpha,0.1367757309790285
31,1,alpha,0.1367757309790285
32,1,alpha,0.1367757309790285
33,1,alpha,0.1367757309790285
34,1,alpha,0.1367757309790285
35,1,alpha,0.1367757309790285
36,1,alpha,0.1367757309790285
37,1,alpha,0.1367757309790285
38,1,alpha,0.1367757309790285
39,1,alpha,0.1367757309790285
40,1,alpha,0.1367757309790285
41,1,alpha,0.1367757309790285
42,1,alpha,0.1367757309790285
43,1,alpha,0.1367757309790285
44,1,alpha,0.1367757309790285
45,1,alpha,0.1367757309790285
46,1,alpha,0.1367757309790285
47,1,alpha,0.1367757309790285
48,1,alpha,0.1367757309790285
49,1,alpha,0.1367757309790285
50,1,alpha,0.1367757309790285
51,1,alpha,0.1367757309790285
52,1,alpha,0.1367757309790285
53,1,alpha,0.1367757309790285
54,1,alpha,0.1367757309790285
55,1,alpha,0.1367757309790285
56,1,alpha,0.1367757309790285
57,1,alpha,0.1367757309790285
58,1,alpha,0.1367757309790285
59,1,alpha,0.1367757309790285
60,1,alpha,0.1367757309790285
61,1,alpha,0.1367757309790285
62,1,alpha,0.1367757309790285
63,1,alpha,0.1367757309790285
64,1,alpha,0.1367757309790285
65,1,alpha,0.1367757309790285
66,1,alpha,0.1367757309790285
67,1,alpha,0.1367757309790285
68,1,alpha,0.1367757309790285
69,1,alpha,0.1367757309790285
70,1,alpha,0.1367757309790285
71,1,alpha,0.1367757309790285
72,1,alpha,0.1367757309790285
73,1,alpha,0.1367757309790285
74,1,alpha,0.1367757309790285
75,1,alpha,0.1367757309790285
76,1,alpha,0.1367757309790285
77,1,alpha,0.1367757309790285
78,1,alpha,0.1367757309790285
79,1,alpha,0.1367757309790285
80,1,alpha,0.1367757309790285
81,1,alpha,0.592150932974338
82,1,alpha,0.592150932974338
83,1,alpha,0.592150932974338
84,1,alpha,0.592150932974338
85,1,alpha,0.592150932974338
86,1,alpha,0.592150932974338
87,1,alpha,0.592150932974338
88,1,alpha,0.592150932974338
89,1,alpha,0.592150932974338
90,1,alpha,0.592150932974338
91,1,alpha,0.592150932974338
92,1,alpha,0.592150932974338
93,1,alpha,0.592150932974338
94,1,alpha,0.592150932974338
95,1,alpha,0.592150932974338
96,1,alpha,0.592150932974338
97,1,alpha,0.592150932974338
98,1,alpha,0.592150932974338
99,1,alpha,0.592150932974338
100,1,alpha,0.592150932974338
101,1,alpha,0.592150932974338
102,1,alpha,0.592150932974338
103,1,alpha,0.592150932974338
104,1,alpha,0.592150932974338
105,1,alpha,0.592150932974338
106,1,alpha,0.592150932974338
107,1,alpha,0.592150932974338
108,1,alpha,0.592150932974338
109,1,alpha,0.592150932974338
110,1,alpha,0.592150932974338
111,1,alpha,0.592150932974338
112,1,alpha,0.592150932974338
113,1,alpha,0.592150932974338
114,1,alpha,0.592150932974338
115,1,alpha,0.592150932974338
116,1,alpha,0.592150932974338
117,1,alpha,0.592150932974338
118,1,alpha,0.592150932974338
119,1,alpha,0.592150932974338
120,1,alpha,0.592150932974338
121,1,alpha,0.592150932974338
122,1,alpha,0.592150932974338
123,1,alpha,0.592150932974338
124,1,alpha,0.592150932974338
125,1,alpha,0.592150932974338
126,1,alpha,0.592150932974338
127,1,alpha,0.592150932974338
128,1,alpha,0.592150932974338
129,1,alpha,0.592150932974338
130,1,alpha,0.592150932974338
131,1,alpha,0.592150932974338
132,1,alpha,0.592150932974338
133,1,alpha,0.592150932974338
134,1,alpha,0.592150932974338
135,1,alpha,0.592150932974338
136,1,alpha,0.592150932974338
137,1,alpha,0.592150932974338
138,1,alpha,0.592150932974338
139,1,alpha,0.592150932974338
140,1,alpha,0.592150932974338
141,1,alpha,0.592150932974338
142,1,alpha,0.592150932974338
143,1,alpha,0.592150932974338
144,1,alpha,0.592150932974338
145,1,alpha,0.592150932974338
146,1,alpha,0.592150932974338
147,1,alpha,0.592150932974338
148,1,alpha,0.592150932974338
149,1,alpha,0.592150932974338
150,1,alpha,0.10139164391381073
151,1,alpha,0.10139164391381073
152,1,alpha,0.10139164391381073
153,1,alpha,0.10139164391381073
154,1,alpha,0.10139164391381073
155,1,alpha,0.10139164391381073
156,1,alpha,0.10139164391381073
157,1,alpha,0.10139164391381073
158,1,alpha,0.10139164391381073
159,1,alpha,0.10139164391381073
160,1,alpha,0.10139164391381073
161,1,alpha,0.10139164391381073
162,1,alpha,0.10139164391381073
163,1,alpha,0.10139164391381073
164,1,alpha,0.10139164391381073
165,1,alpha,0.10139164391381073
166,1,alpha,0.10139164391381073
167,1,alpha,0.10139164391381073
168,1,alpha,0.10139164391381073
169,1,alpha,0.10139164391381073
170,1,alpha,0.10139164391381073
171,1,alpha,0.10139164391381073
172,1,alpha,0.10139164391381073
173,1,alpha,0.10139164391381073
174,1,alpha,0.10139164391381073
175,1,alpha,0.10139164391381073
176,1,alpha,0.10139164391381073
177,1,alpha,0.10139164391381073
178,1,alpha,0.10139164391381073
179,1,alpha,0.10139164391381073
180,1,alpha,0.10139164391381073
181,1,alpha,0.10139164391381073
182,1,alpha,0.10139164391381073
183,1,alpha,0.10139164391381073
184,1,alpha,0.10139164391381073
185,1,alpha,0.05222697401074505
186,1,alpha,0.05222697401074505
187,1,alpha,0.05222697401074505
188,1,alpha,0.05222697401074505
189,1,alpha,0.05222697401074505
190,1,alpha,0.05222697401074505
191,1,alpha,0.05222697401074505
192,1,alpha,0.05222697401074505
193,1,alpha,0.05222697401074505
194,1,alpha,0.05222697401074505
195,1,alpha,0.05222697401074505
196,1,alpha,0.05222697401074505
197,1,alpha,0.05222697401074505
198,1,alpha,0.05222697401074505
199,1,alpha,0.05222697401074505
200,1,alpha,0.05222697401074505
201,1,alpha,0.05222697401074505
202,1,alpha,0.05222697401074505
203,1,alpha,0.05222697401074505
204,1,alpha,0.05222697401074505
205,1,alpha,0.05222697401074505
206,1,alpha,0.05222697401074505
207,1,alpha,0.05222697401074505
208,1,alpha,0.05222697401074505
209,1,alpha,0.05222697401074505
210,1,alpha,0.05222697401074505
211,1,alpha,0.05222697401074505
212,1,alpha,0.05222697401074505
213,1,alpha,0.05222697401074505
214,1,alpha,0.05222697401074505
215,1,alpha,0.05222697401074505
216,1,alpha,0.05222697401074505
217,1,alpha,0.05222697401074505
218,1,alpha,0.05222697401074505
219,1,alpha,0.05222697401074505
220,1,alpha,0.05222697401074505
221,1,alpha,0.05222697401074505
222,1,alpha,0.05222697401074505
223,1,alpha,0.05222697401074505
224,1,alpha,0.05222697401074505
225,1,alpha,0.05222697401074505
226,1,alpha,0.05222697401074505
227,1,alpha,0.05222697401074505
228,1,alpha,0.05222697401074505
229,1,alpha,0.05222697401074505
230,1,alpha,0.05222697401074505
231,1,alpha,0.05222697401074505
232,1,alpha,0.05222697401074505
233,1,alpha,0.05222697401074505
234,1,alpha,0.05222697401074505
235,1,alpha,0.05222697401074505
236,1,alpha,0.05222697401074505
237,1,alpha,0.05222697401074505
238,1,alpha,0.05222697401074505
239,1,alpha,0.05222697401074505
240,1,alpha,0.05222697401074505
241,1,alpha,0.05222697401074505
242,1,alpha,0.05222697401074505
243,1,alpha,0.05222697401074505
244,1,alpha,0.05222697401074505
245,1,alpha,0.05222697401074505
246,1,alpha,0.05222697401074505
247,1,alpha,0.05222697401074505
248,1,alpha,0.05222697401074505
249,1,alpha,0.05222697401074505
250,1,alpha,0.05222697401074505
251,1,alpha,0.05222697401074505
252,1,alpha,0.05222697401074505
253,1,alpha,0.05222697401074505
254,1,alpha,0.05222697401074505
255,1,alpha,0.05222697401074505
256,1,alpha,0.05222697401074505
257,1,alpha,0.05222697401074505
258,1,alpha,0.05222697401074505
259,1,alpha,0.05222697401074505
260,1,alpha,0.05222697401074505
261,1,alpha,0.05222697401074505
262,1,alpha,0.05222697401074505
263,1,alpha,0.05222697401074505
264,1,alpha,0.05222697401074505
265,1,alpha,0.05222697401074505
266,1,alpha,0.05222697401074505
267,1,alpha,0.05222697401074505
268,1,alpha,0.05222697401074505
269,1,alpha,0.05222697401074505
270,1,alpha,0.05222697401074505
271,1,alpha,0.05222697401074505
272,1,alpha,0.05222697401074505
273,1,alpha,0.05222697401074505
274,1,alpha,0.05222697401074505
275,1,alpha,0.05222697401074505
276,1,alpha,0.05222697401074505
277,1,alpha,0.05222697401074505
278,1,alpha,0.05222697401074505
279,1,alpha,0.05222697401074505
280,1,alpha,0.05222697401074505
281,1,alpha,0.05222697401074505
282,1,alpha,0.05222697401074505
283,1,alpha,0.05222697401074505
284,1,alpha,0.05222697401074505
285,1,alpha,0.05222697401074505
286,1,alpha,0.05222697401074505
287,1,alpha,0.05222697401074505
288,1,alpha,0.05222697401074505
289,1,alpha,0.05222697401074505
290,1,alpha,0.05222697401074505
291,1,alpha,0.05222697401074505
292,1,alpha,0.05222697401074505
293,1,alpha,0.05222697401074505
294,1,alpha,0.05222697401074505
295,1,alpha,0.05222697401074505
296,1,alpha,0.05222697401074505
297,1,alpha,0.05222697401074505
298,1,alpha,0.05222697401074505
299,1,alpha,0.05222697401074505
300,1,alpha,0.05222697401074505
301,1,alpha,0.05222697401074505
302,1,alpha,0.05222697401074505
303,1,alpha,0.05222697401074505
304,1,alpha,0.05222697401074505
305,1,alpha,0.05222697401074505
306,1,alpha,0.05222697401074505
307,1,alpha,0.05222697401074505
308,1,alpha,0.05222697401074505
309,1,alpha,0.05222697401074505
310,1,alpha,0.05222697401074505
311,1,alpha,0.05222697401074505
312,1,alpha,0.05222697401074505
313,1,alpha,0.05222697401074505
314,1,alpha,0.05222697401074505
315,1,alpha,0.05222697401074505
316,1,alpha,0.05222697401074505
317,1,alpha,0.05222697401074505
318,1,alpha,0.05222697401074505
319,1,alpha,0.05222697401074505
320,1,alpha,0.05222697401074505
321,1,alpha,0.05222697401074505
322,1,alpha,0.05222697401074505
323,1,alpha,0.05222697401074505
324,1,alpha,0.05222697401074505
325,1,alpha,0.05222697401074505
326,1,alpha,0.05222697401074505
327,1,alpha,0.05222697401074505
328,1,alpha,0.05222697401074505
329,1,alpha,0.05222697401074505
330,1,alpha,0.05222697401074505
331,1,alpha,0.05222697401074505
332,1,alpha,0.05222697401074505
333,1,alpha,0.05222697401074505
334,1,alpha,0.05222697401074505
335,1,alpha,0.05222697401074505
336,1,alpha,0.05222697401074505
337,1,alpha,0.05222697401074505
338,1,alpha,0.05222697401074505
339,1,alpha,0.05222697401074505
340,1,alpha,0.05222697401074505
341,1,alpha,0.05222697401074505
342,1,alpha,0.05222697401074505
343,1,alpha,0.05222697401074505
344,1,alpha,0.05222697401074505
345,1,alpha,0.05222697401074505
346,1,alpha,0.05222697401074505
347,1,alpha,0.05222697401074505
348,1,alpha,0.05222697401074505
349,1,alpha,0.05222697401074505
350,1,alpha,0.05222697401074505
351,1,alpha,0.05222697401074505
352,1,alpha,0.05222697401074505
353,1,alpha,0.05222697401074505
354,1,alpha,0.05222697401074505
355,1,alpha,0.05222697401074505
356,1,alpha,0.05222697401074505
357,1,alpha,0.05222697401074505
358,1,alpha,0.05222697401074505
359,1,alpha,0.05222697401074505
360,1,alpha,0.05222697401074505
361,1,alpha,0.05222697401074505
362,1,alpha,0.05222697401074505
363,1,alpha,0.05222697401074505
364,1,alpha,0.05222697401074505
365,1,alpha,0.05222697401074505
366,1,alpha,0.05222697401074505
367,1,alpha,0.05222697401074505
368,1,alpha,0.05222697401074505
369,1,alpha,0.05222697401074505
370,1,alpha,0.05222697401074505
371,1,alpha,0.05222697401074505
372,1,alpha,0.05222697401074505
373,1,alpha,0.05222697401074505
374,1,alpha,0.05222697401074505
375,1,alpha,0.05222697401074505
376,1,alpha,0.05222697401074505
377,1,alpha,0.05222697401074505
378,1,alpha,0.05222697401074505
379,1,alpha,0.05222697401074505
380,1,alpha,0.05222697401074505
381,1,alpha,0.05222697401074505
382,1,alpha,0.05222697401074505
383,1,alpha,0.05222697401074505
384,1,alpha,0.05222697401074505
385,1,alpha,0.05222697401074505
386,1,alpha,0.05222697401074505
387,1,alpha,0.05222697401074505
388,1,alpha,0.05222697401074505
389,1,alpha,0.05222697401074505
390,1,alpha,0.05222697401074505
391,1,alpha,0.05222697401074505
392,1,alpha,0.05222697401074505
393,1,alpha,0.05222697401074505
394,1,alpha,0.05222697401074505
395,1,alpha,0.05222697401074505
396,1,alpha,0.05222697401074505
397,1,alpha,0.05222697401074505
398,1,alpha,0.05222697401074505
399,1,alpha,0.01365715986251459
400,1,alpha,0.01365715986251459
401,1,alpha,0.01365715986251459
402,1,alpha,0.01365715986251459
403,1,alpha,0.01365715986251459
404,1,alpha,0.01365715986251459
405,1,alpha,0.01365715986251459
406,1,alpha,0.01365715986251459
407,1,alpha,0.01365715986251459
408,1,alpha,0.01365715986251459
409,1,alpha,0.01365715986251459
410,1,alpha,0.01365715986251459
411,1,alpha,0.01365715986251459
412,1,alpha,0.01365715986251459
413,1,alpha,0.01365715986251459
414,1,alpha,0.01365715986251459
415,1,alpha,0.37508902832429136
416,1,alpha,0.37508902832429136
417,1,alpha,0.37508902832429136
418,1,alpha,0.37508902832429136
419,1,alpha,0.37508902832429136
420,1,alpha,0.37508902832429136
421,1,alpha,0.37508902832429136
422,1,alpha,0.37508902832429136
423,1,alpha,0.37508902832429136
424,1,alpha,0.37508902832429136
425,1,alpha,0.37508902832429136
426,1,alpha,0.37508902832429136
427,1,alpha,0.37508902832429136
428,1,alpha,0.37508902832429136
429,1,alpha,0.37508902832429136
430,1,alpha,0.37508902832429136
431,1,alpha,0.37508902832429136
432,1,alpha,0.37508902832429136
433,1,alpha,0.37508902832429136
434,1,alpha,0.37508902832429136
435,1,alpha,0.37508902832429136
436,1,alpha,0.37508902832429136
437,1,alpha,0.37508902832429136
438,1,alpha,0.37508902832429136
439,1,alpha,0.37508902832429136
440,1,alpha,0.37508902832429136
441,1,alpha,0.37508902832429136
442,1,alpha,0.37508902832429136
443,1,alpha,0.37508902832429136
444,1,alpha,0.37508902832429136
445,1,alpha,0.37508902832429136
446,1,alpha,0.37508902832429136
447,1,alpha,0.37508902832429136
448,1,alpha,0.37508902832429136
449,1,alpha,0.37508902832429136
450,1,alpha,0.37508902832429136
451,1,alpha,0.37508902832429136
452,1,alpha,0.37508902832429136
453,1,alpha,0.37508902832429136
454,1,alpha,0.37508902832429136
455,1,alpha,0.37508902832429136
456,1,alpha,0.37508902832429136
457,1,alpha,0.37508902832429136
458,1,alpha,0.37508902832429136
459,1,alpha,0.37508902832429136
460,1,alpha,0.37508902832429136
461,1,alpha,0.37508902832429136
462,1,alpha,0.37508902832429136
463,1,alpha,0.37508902832429136
464,1,alpha,0.37508902832429136
465,1,alpha,0.37508902832429136
466,1,alpha,0.37508902832429136
467,1,alpha,0.37508902832429136
468,1,alpha,0.37508902832429136
469,1,alpha,0.37508902832429136
470,1,alpha,0.37508902832429136
471,1,alpha,0.37508902832429136
472,1,alpha,0.37508902832429136
473,1,alpha,0.37508902832429136
474,1,alpha,0.37508902832429136
475,1,alpha,0.37508902832429136
476,1,alpha,0.37508902832429136
477,1,alpha,0.37508902832429136
478,1,alpha,0.37508902832429136
479,1,alpha,0.37508902832429136
480,1,alpha,0.37508902832429136
481,1,alpha,0.37508902832429136
482,1,alpha,0.37508902832429136
483,1,alpha,0.37508902832429136
484,1,alpha,0.37508902832429136
485,1,alpha,0.37508902832429136
486,1,alpha,0.37508902832429136
487,1,alpha,0.37508902832429136
488,1,alpha,0.37508902832429136
489,1,alpha,0.37508902832429136
490,1,alpha,0.37508902832429136
491,1,alpha,0.37508902832429136
492,1,alpha,0.37508902832429136
493,1,alpha,0.37508902832429136
494,1,alpha,0.37508902832429136
495,1,alpha,0.37508902832429136
496,1,alpha,0.37508902832429136
497,1,alpha,0.37508902832429136
498,1,alpha,0.37508902832429136
499,1,alpha,0.37508902832429136
500,1,alpha,0.37508902832429136
1,1,discount,0.33870532354644567
2,1,discount,0.33870532354644567
3,1,discount,0.33870532354644567
4,1,discount,0.33870532354644567
5,1,discount,0.33870532354644567
6,1,discount,0.44425913841029163
7,1,discount,0.44425913841029163
8,1,discount,0.7695144111432131
9,1,discount,0.7695144111432131
10,1,discount,0.7412794755057519
11,1,discount,0.7412794755057519
12,1,discount,0.9203052692070541
13,1,discount,0.9203052692070541
14,1,discount,0.9203052692070541
15,1,discount,0.6941114337642369
16,1,discount,0.6941114337642369
17,1,discount,0.6941114337642369
18,1,discount,0.5651031137336275
19,1,discount,0.5651031137336275
20,1,discount,0.5651031137336275
21,1,discount,0.5651031137336275
22,1,discount,0.5651031137336275
23,1,discount,0.5017514020452405
24,1,discount,0.5017514020452405
25,1,discount,0.07289409817445525
26,1,discount,0.8093383719541476
27,1,discount,0.7912897634121916
28,1,discount,0.4544098000906922
29,1,discount,0.4544098000906922
30,1,discount,0.4544098000906922
31,1,discount,0.4544098000906922
32,1,discount,0.23370651847937918
33,1,discount,0.23370651847937918
34,1,discount,0.23370651847937918
35,1,discount,0.23370651847937918
36,1,discount,0.23370651847937918
37,1,discount,0.3776350482211519
38,1,discount,0.3776350482211519
39,1,discount,0.3776350482211519
40,1,discount,0.3776350482211519
41,1,discount,0.5408413571734567
42,1,discount,0.5408413571734567
43,1,discount,0.5408413571734567
44,1,discount,0.38785051194348075
45,1,discount,0.6278167290684802
46,1,discount,0.6278167290684802
47,1,discount,0.36904644442428447
48,1,discount,0.36904644442428447
49,1,discount,0.36904644442428447
50,1,discount,0.9259426357650258
51,1,discount,0.9259426357650258
52,1,discount,0.9259426357650258
53,1,discount,0.8319206823345935
54,1,discount,0.8319206823345935
55,1,discount,0.8319206823345935
56,1,discount,0.9046654460616119
57,1,discount,0.1391833387528525
58,1,discount,0.1391833387528525
59,1,discount,0.20975287773528173
60,1,discount,0.20975287773528173
61,1,discount,0.8510915524440648
62,1,discount,0.8510915524440648
63,1,discount,0.8510915524440648
64,1,discount,0.5030450484306639
65,1,discount,0.5030450484306639
66,1,discount,0.48159930601802725
67,1,discount,0.48159930601802725
68,1,discount,0.6673753774083164
69,1,discount,0.6673753774083164
70,1,discount,0.6673753774083164
71,1,discount,0.49988519425895417
72,1,discount,0.49988519425895417
73,1,discount,0.24063773589378346
74,1,discount,0.24063773589378346
75,1,discount,0.23361145699269792
76,1,discount,0.1367061298142327
77,1,discount,0.1367061298142327
78,1,discount,0.08629262195288101
79,1,discount,0.3210265731816362
80,1,discount,0.3210265731816362
81,1,discount,0.3210265731816362
82,1,discount,0.3210265731816362
83,1,discount,0.2430443007699381
84,1,discount,0.06935162930549432
85,1,discount,0.9124872119268632
86,1,discount,0.21435025250856654
87,1,discount,0.21435025250856654
88,1,discount,0.21435025250856654
89,1,discount,0.8123821117543979
90,1,discount,0.7359313668843848
91,1,discount,0.7359313668843848
92,1,discount,0.7359313668843848
93,1,discount,0.7359313668843848
94,1,discount,0.7359313668843848
95,1,discount,0.7359313668843848
96,1,discount,0.7359313668843848
97,1,discount,0.7359313668843848
98,1,discount,0.7359313668843848
99,1,discount,0.7359313668843848
100,1,discount,0.1147189940510307
101,1,discount,0.1147189940510307
102,1,discount,0.04499440359260176
103,1,discount,0.04499440359260176
104,1,discount,0.04499440359260176
105,1,discount,0.04499440359260176
106,1,discount,0.04499440359260176
107,1,discount,0.04499440359260176
108,1,discount,0.03658067348344596
109,1,discount,0.30415610207287735
110,1,discount,0.30415610207287735
111,1,discount,0.30415610207287735
112,1,discount,0.30415610207287735
113,1,discount,0.8615899544125303
114,1,discount,0.8615899544125303
115,1,discount,0.8615899544125303
116,1,discount,0.3871658248026131
117,1,discount,0.3871658248026131
118,1,discount,0.3871658248026131
119,1,discount,0.439826683113808
120,1,discount,0.40634574684886426
121,1,discount,0.40634574684886426
122,1,discount,0.290613387567104
123,1,discount,0.290613387567104
124,1,discount,0.290613387567104
125,1,discount,0.290613387567104
126,1,discount,0.19649301563882693
127,1,discount,0.19649301563882693
128,1,discount,0.3040300074997495
129,1,discount,0.3040300074997495
130,1,discount,0.3040300074997495
131,1,discount,0.3040300074997495
132,1,discount,0.896506549386958
133,1,discount,0.896506549386958
134,1,discount,0.896506549386958
135,1,discount,0.9432153953531093
136,1,discount,0.9895356359140461
137,1,discount,0.6928813257909296
138,1,discount,0.6928813257909296
139,1,discount,0.6928813257909296
140,1,discount,0.22236443406244377
141,1,discount,0.22236443406244377
142,1,discount,0.22236443406244377
143,1,discount,0.22236443406244377
144,1,discount,0.22236443406244377
145,1,discount,0.22236443406244377
146,1,discount,0.22236443406244377
147,1,discount,0.43341480690439305
148,1,discount,0.5482015344004376
149,1,discount,0.36755013668723713
150,1,discount,0.36755013668723713
151,1,discount,0.36755013668723713
152,1,discount,0.36755013668723713
153,1,discount,0.36755013668723713
154,1,discount,0.8262049174490849
155,1,discount,0.8262049174490849
156,1,discount,0.8262049174490849
157,1,discount,0.4777510776503173
158,1,discount,0.9376005958104996
159,1,discount,0.2904926704290216
160,1,discount,0.8040564835832251
161,1,discount,0.8040564835832251
162,1,discount,0.8040564835832251
163,1,discount,0.8040564835832251
164,1,discount,0.24410131797224088
165,1,discount,0.24410131797224088
166,1,discount,0.24410131797224088
167,1,discount,0.5244598599425443
168,1,discount,0.5763477597767077
169,1,discount,0.5763477597767077
170,1,discount,0.5763477597767077
171,1,discount,0.5763477597767077
172,1,discount,0.713473569099885
173,1,discount,0.713473569099885
174,1,discount,0.713473569099885
175,1,discount,0.02019147151877787
176,1,discount,0.4463169458462435
177,1,discount,0.7562255536261218
178,1,discount,0.7562255536261218
179,1,discount,0.15206242016275162
180,1,discount,0.15206242016275162
181,1,discount,0.3756053556767709
182,1,discount,0.0629188137208514
183,1,discount,0.0629188137208514
184,1,discount,0.0629188137208514
185,1,discount,0.0629188137208514
186,1,discount,0.0629188137208514
187,1,discount,0.0629188137208514
188,1,discount,0.0629188137208514
189,1,discount,0.0629188137208514
190,1,discount,0.2526210358758425
191,1,discount,0.6181074740775827
192,1,discount,0.6181074740775827
193,1,discount,0.5815474857799559
194,1,discount,0.5815474857799559
195,1,discount,0.5768149398378297
196,1,discount,0.5373900717163187
197,1,discount,0.1002447610652426
198,1,discount,0.1002447610652426
199,1,discount,0.1002447610652426
200,1,discount,0.1002447610652426
201,1,discount,0.1002447610652426
202,1,discount,0.1002447610652426
203,1,discount,0.1002447610652426
204,1,discount,0.7039616515138138
205,1,discount,0.4603655956776376
206,1,discount,0.4603655956776376
207,1,discount,0.1425341454536948
208,1,discount,0.13638617531773867
209,1,discount,0.4485174994569274
210,1,discount,0.13479233301024096
211,1,discount,0.0015876246142147998
212,1,discount,0.6225949392194501
213,1,discount,0.6225949392194501
214,1,discount,0.6225949392194501
215,1,discount,0.2665583251144261
216,1,discount,0.08291975660228035
217,1,discount,0.08291975660228035
218,1,discount,0.06954557854870225
219,1,discount,0.22265468448373182
220,1,discount,0.8830577549708827
221,1,discount,0.23842708873494511
222,1,discount,0.15982743726605486
223,1,discount,0.15982743726605486
224,1,discount,0.15982743726605486
225,1,discount,0.15982743726605486
226,1,discount,0.15982743726605486
227,1,discount,0.15982743726605486
228,1,discount,0.15982743726605486
229,1,discount,0.5370898032318572
230,1,discount,0.3659388225254139
231,1,discount,0.38920832823559204
232,1,discount,0.38920832823559204
233,1,discount,0.8267345039241953
234,1,discount,0.9373077892777357
235,1,discount,0.20335106784249257
236,1,discount,0.9259335571567948
237,1,discount,0.39319353641933463
238,1,discount,0.6175690219155696
239,1,discount,0.6175690219155696
240,1,discount,0.17475251192677632
241,1,discount,0.17475251192677632
242,1,discount,0.48167819157062874
243,1,discount,0.48167819157062874
244,1,discount,0.6979148344351824
245,1,discount,0.6979148344351824
246,1,discount,0.6979148344351824
247,1,discount,0.6979148344351824
248,1,discount,0.77208898667732
249,1,discount,0.6376888956314912
250,1,discount,0.6376888956314912
251,1,discount,0.2768551842242124
252,1,discount,0.2768551842242124
253,1,discount,0.4609681674725785
254,1,discount,0.4609681674725785
255,1,discount,0.4609681674725785
256,1,discount,0.27100270754315225
257,1,discount,0.6654503236300571
258,1,discount,0.6654503236300571
259,1,discount,0.9012156094286232
260,1,discount,0.2921647944576331
261,1,discount,0.18248206227832453
262,1,discount,0.18248206227832453
263,1,discount,0.18248206227832453
264,1,discount,0.18248206227832453
265,1,discount,0.18248206227832453
266,1,discount,0.06702949703619665
267,1,discount,0.849705590943411
268,1,discount,0.7676750801128702
269,1,discount,0.008998290749633986
270,1,discount,0.008998290749633986
271,1,discount,0.008998290749633986
272,1,discount,0.008998290749633986
273,1,discount,0.44255730973278107
274,1,discount,0.44255730973278107
275,1,discount,0.44255730973278107
276,1,discount,0.835639170282271
277,1,discount,0.835639170282271
278,1,discount,0.835639170282271
279,1,discount,0.835639170282271
280,1,discount,0.15322262277503085
281,1,discount,0.8998981132685997
282,1,discount,0.8998981132685997
283,1,discount,0.8998981132685997
284,1,discount,0.002385221758062217
285,1,discount,0.041454130227594366
286,1,discount,0.6953531235905888
287,1,discount,0.7774930456559379
288,1,discount,0.7774930456559379
289,1,discount,0.7774930456559379
290,1,discount,0.7774930456559379
291,1,discount,0.7774930456559379
292,1,discount,0.7774930456559379
293,1,discount,0.08593364590097874
294,1,discount,0.9871604701347751
295,1,discount,0.3180207704407958
296,1,discount,0.3180207704407958
297,1,discount,0.3180207704407958
298,1,discount,0.33313565250346433
299,1,discount,0.8238943479156049
300,1,discount,0.05521815708198963
301,1,discount,0.48830669880034305
302,1,discount,0.48830669880034305
303,1,discount,0.48830669880034305
304,1,discount,0.48830669880034305
305,1,discount,0.48830669880034305
306,1,discount,0.39910811105269617
307,1,discount,0.5411705370624054
308,1,discount,0.5411705370624054
309,1,discount,0.5411705370624054
310,1,discount,0.22471320070469103
311,1,discount,0.22471320070469103
312,1,discount,0.22471320070469103
313,1,discount,0.49797003564870757
314,1,discount,0.20806410264507602
315,1,discount,0.20806410264507602
316,1,discount,0.20806410264507602
317,1,discount,0.20806410264507602
318,1,discount,0.20806410264507602
319,1,discount,0.6811141822145128
320,1,discount,0.3014883888841202
321,1,discount,0.48032105162838845
322,1,discount,0.4037811914426148
323,1,discount,0.7750580654348735
324,1,discount,0.7750580654348735
325,1,discount,0.7186440895989397
326,1,discount,0.7186440895989397
327,1,discount,0.03902097215637923
328,1,discount,0.03902097215637923
329,1,discount,0.03902097215637923
330,1,discount,0.7146165915535971
331,1,discount,0.7146165915535971
332,1,discount,0.7146165915535971
333,1,discount,0.8023817000019471
334,1,discount,0.8023817000019471
335,1,discount,0.8023817000019471
336,1,discount,0.8023817000019471
337,1,discount,0.8023817000019471
338,1,discount,0.8023817000019471
339,1,discount,0.6397658534851951
340,1,discount,0.6397658534851951
341,1,discount,0.6397658534851951
342,1,discount,0.6397658534851951
343,1,discount,0.6397658534851951
344,1,discount,0.6397658534851951
345,1,discount,0.42503417522962605
346,1,discount,0.42503417522962605
347,1,discount,0.42503417522962605
348,1,discount,0.1342635102889702
349,1,discount,0.1342635102889702
350,1,discount,0.1342635102889702
351,1,discount,0.7507371569142982
352,1,discount,0.6220662891207729
353,1,discount,0.6220662891207729
354,1,discount,0.5621967500070848
355,1,discount,0.5621967500070848
356,1,discount,0.5621967500070848
357,1,discount,0.1450614099785501
358,1,discount,0.1450614099785501
359,1,discount,0.1450614099785501
360,1,discount,0.9174624765431196
361,1,discount,0.9708985986363636
362,1,discount,0.9708985986363636
363,1,discount,0.252779405411917
364,1,discount,0.23536225528994814
365,1,discount,0.6814054938980525
366,1,discount,0.5865239294015965
367,1,discount,0.5865239294015965
368,1,discount,0.9834648820258856
369,1,discount,0.9834648820258856
370,1,discount,0.9834648820258856
371,1,discount,0.9834648820258856
372,1,discount,0.9834648820258856
373,1,discount,0.9834648820258856
374,1,discount,0.9834648820258856
375,1,discount,0.9834648820258856
376,1,discount,0.6063169005103151
377,1,discount,0.6063169005103151
378,1,discount,0.6063169005103151
379,1,discount,0.6063169005103151
380,1,discount,0.893340081448216
381,1,discount,0.893340081448216
382,1,discount,0.893340081448216
383,1,discount,0.893340081448216
384,1,discount,0.5250493422073972
385,1,discount,0.26134234572830195
386,1,discount,0.26134234572830195
387,1,discount,0.3013139422780782
388,1,discount,0.07768462014585897
389,1,discount,0.8247763216844628
390,1,discount,0.6594387590693431
391,1,discount,0.6594387590693431
392,1,discount,0.6594387590693431
393,1,discount,0.5029108162341864
394,1,discount,0.5654003988743026
395,1,discount,0.8584731771540468
396,1,discount,0.8584731771540468
397,1,discount,0.8537572941528198
398,1,discount,0.8537572941528198
399,1,discount,0.8537572941528198
400,1,discount,0.8540718081629581
401,1,discount,0.8540718081629581
402,1,discount,0.8540718081629581
403,1,discount,0.2816428443711674
404,1,discount,0.907898649953021
405,1,discount,0.17736771209523727
406,1,discount,0.9244101233237088
407,1,discount,0.9244101233237088
408,1,discount,0.9244101233237088
409,1,discount,0.9244101233237088
410,1,discount,0.9244101233237088
411,1,discount,0.5583521767685635
412,1,discount,0.2400777351951764
413,1,discount,0.2400777351951764
414,1,discount,0.38020370887957333
415,1,discount,0.38020370887957333
416,1,discount,0.38020370887957333
417,1,discount,0.0820941931611332
418,1,discount,0.0820941931611332
419,1,discount,0.6685495341807777
420,1,discount,0.6685495341807777
421,1,discount,0.8378656036052057
422,1,discount,0.8378656036052057
423,1,discount,0.2994578518342097
424,1,discount,0.2994578518342097
425,1,discount,0.2668486252552409
426,1,discount,0.2668486252552409
427,1,discount,0.2668486252552409
428,1,discount,0.0241154769365588
429,1,discount,0.0241154769365588
430,1,discount,0.0241154769365588
431,1,discount,0.0241154769365588
432,1,discount,0.0241154769365588
433,1,discount,0.0241154769365588
434,1,discount,0.0241154769365588
435,1,discount,0.0241154769365588
436,1,discount,0.0241154769365588
437,1,discount,0.989829937527819
438,1,discount,0.989829937527819
439,1,discount,0.6617932982847285
440,1,discount,0.6617932982847285
441,1,discount,0.6617932982847285
442,1,discount,0.6617932982847285
443,1,discount,0.05847949246526074
444,1,discount,0.22344187441372032
445,1,discount,0.755248168049709
446,1,discount,0.755248168049709
447,1,discount,0.755248168049709
448,1,discount,0.785608917940833
449,1,discount,0.785608917940833
450,1,discount,0.785608917940833
451,1,discount,0.785608917940833
452,1,discount,0.7589225316618822
453,1,discount,0.6343324414649716
454,1,discount,0.6343324414649716
455,1,discount,0.9883619570397781
456,1,discount,0.9883619570397781
457,1,discount,0.9883619570397781
458,1,discount,0.09252048246896671
459,1,discount,0.7194510876832043
460,1,discount,0.9004443530460309
461,1,discount,0.8649714038046761
462,1,discount,0.8649714038046761
463,1,discount,0.9124771948243353
464,1,discount,0.9445612007751238
465,1,discount,0.9250157372073522
466,1,discount,0.9831964177224672
467,1,discount,0.9831964177224672
468,1,discount,0.9831964177224672
469,1,discount,0.361374120225777
470,1,discount,0.39482926428480236
471,1,discount,0.39482926428480236
472,1,discount,0.7142346671246544
473,1,discount,0.44305583047066954
474,1,discount,0.44305583047066954
475,1,discount,0.4682948396001958
476,1,discount,0.08290829787796183
477,1,discount,0.08290829787796183
478,1,discount,0.08290829787796183
479,1,discount,0.08290829787796183
480,1,discount,0.08290829787796183
481,1,discount,0.37197413936792145
482,1,discount,0.37197413936792145
483,1,discount,0.37197413936792145
484,1,discount,0.37197413936792145
485,1,discount,0.3270717283678679
486,1,discount,0.2508984251912312
487,1,discount,0.7561571474990647
488,1,discount,0.7561571474990647
489,1,discount,0.7561571474990647
490,1,discount,0.7561571474990647
491,1,discount,0.8205882687725043
492,1,discount,0.905291289915158
493,1,discount,0.905291289915158
494,1,discount,0.905291289915158
495,1,discount,0.6944182859315773
496,1,discount,0.33610051486710213
497,1,discount,0.33610051486710213
498,1,discount,0.33610051486710213
499,1,discount,0.33610051486710213
500,1,discount,0.42603024394609634
